"mtry","splitrule","min.node.size","RMSE","Rsquared","MAE","RMSESD","RsquaredSD","MAESD"
3,"variance",5,63.2797390117916,0.20610392520338,42.7260339795317,4.71111081680458,0.0161444334900963,1.58201518459655
3,"variance",10,63.2211523931786,0.205826328849796,42.6681242763854,4.64456141903105,0.0115892904426144,1.54937603772135
4,"variance",5,62.0773049951557,0.222025866398377,41.7270962121862,4.63363825917789,0.0130526277023601,1.57387851423104
4,"variance",10,62.0121304854433,0.224085947311847,41.7011304668953,4.63463056613611,0.0140440105747951,1.52740450563334
5,"variance",5,61.1990169163719,0.236077735448762,40.9972112345856,4.63800494555906,0.0156058595872578,1.63094137785743
5,"variance",10,61.1401770580843,0.238603881519685,40.9989546591698,4.66445225020238,0.0172359268726498,1.57541064202587
