"mtry","splitrule","min.node.size","RMSE","Rsquared","MAE","RMSESD","RsquaredSD","MAESD"
3,"variance",5,45.1940356617809,0.214154074136691,34.591584773024,1.49686575675,0.0214290959039415,0.90476131362594
3,"variance",10,45.1846844940731,0.21389409213521,34.5939391306969,1.55918703669518,0.0207777878332617,0.981865623636396
4,"variance",5,44.3838736344595,0.22931256208814,33.7557729462994,1.59112609507755,0.0249711202607029,1.04728627007882
4,"variance",10,44.3847690372088,0.228558386230792,33.7599456086577,1.54347072987539,0.0224449812516091,0.999349852291045
5,"variance",5,43.7410091621822,0.244082256682359,33.0615051855763,1.58255842732845,0.0252534016768247,1.03648606132793
5,"variance",10,43.7515988662978,0.243608249485401,33.0711608018929,1.62931598888949,0.0254697517235324,1.11977402308063
