"mtry","splitrule","min.node.size","RMSE","Rsquared","MAE","RMSESD","RsquaredSD","MAESD"
5,"variance",5,54.8961952620568,0.426448936616958,35.1943753431904,4.76367188012638,0.0224976792668514,1.374024305082
5,"variance",10,55.4654781525798,0.417559434750506,35.8731554988991,4.68910066722515,0.022262621189169,1.27393384977646
5,"variance",15,56.0994792276642,0.405524235370224,36.5385586514727,4.69605176434024,0.0215054667406209,1.29599961186884
7,"variance",5,53.5389583582677,0.43604542905989,33.7602907134661,4.60277956508988,0.0208067055280624,1.32717043403506
7,"variance",10,54.1866329383686,0.425864927145436,34.5307010908091,4.62964104799178,0.0219141526730402,1.20668969022892
7,"variance",15,54.9747453859668,0.413767554881122,35.3332973694995,4.58749055921836,0.0189646651707139,1.22842346365134
9,"variance",5,52.9396604857968,0.440263049699106,33.0550119012549,4.46796982031778,0.0195387291291892,1.21686292966741
9,"variance",10,53.6984669888638,0.428016085416079,34.0009784540826,4.63472247097924,0.0239433240231755,1.25644288460026
9,"variance",15,54.3829976317206,0.417623645880032,34.7844958561006,4.52661320844352,0.0175052845051044,1.20262805263465
