"mtry","splitrule","min.node.size","RMSE","Rsquared","MAE","RMSESD","RsquaredSD","MAESD"
5,"variance",5,50.4766546849942,0.426960332832991,33.3139920434422,1.42853839853191,0.0183690243214804,0.581440160883748
5,"variance",10,51.156684445363,0.413171091292664,33.9656639068354,1.30288253812529,0.0169991284490092,0.457790680714838
5,"variance",15,51.7453189493925,0.399868325404512,34.582424532317,1.31663170954849,0.0193156453971805,0.526818424708326
7,"variance",5,49.3450543587933,0.432470919072159,32.006507922892,1.59393328952854,0.0279755922562677,0.549899838264942
7,"variance",10,50.0415248795116,0.420910444104422,32.7811720517809,1.43969519792489,0.0225263723749417,0.497198732581906
7,"variance",15,50.7431210137493,0.40672752287523,33.5385741425981,1.4295299931456,0.0223553584678428,0.530400242523741
9,"variance",5,48.7499734680257,0.438119541638142,31.3501536990673,1.62611737766435,0.0261783626273572,0.605251196768631
9,"variance",10,49.6655258156392,0.420076946098929,32.3831598384459,1.51377530195884,0.0241458843115864,0.547202950183691
9,"variance",15,50.3611413274164,0.406291911315605,33.0973554943814,1.44412076473577,0.0227083711419933,0.515605614180488
