"nodes","5","7","9"
5,38.7679432872185,37.8472410638275,37.3947007724893
10,39.371405459968,38.4397234457805,38.0700825361757
15,39.8504612909162,38.9968531900573,38.5876813860086
