"nodes","5","7","9"
5,50.4766546849942,49.3450543587933,48.7499734680257
10,51.156684445363,50.0415248795116,49.6655258156392
15,51.7453189493925,50.7431210137493,50.3611413274164
