"nodes","5","7","9"
5,54.8961952620568,53.5389583582677,52.9396604857968
10,55.4654781525798,54.1866329383686,53.6984669888638
15,56.0994792276642,54.9747453859668,54.3829976317206
